country,category,name,field,symbol,exists,quoteType,exchange,currency,shortName,longName,expected_type,type_match,currency_match,country_match,topic_match,reason
US,sectors,Technology,etf,XLK,True,ETF,NYSEArca,USD,SPDR Select Sector Fund - Techn,The Technology Select Sector SPDR Fund,ETF,True,True,True,True,Country matched via exchange hint
US,sectors,Technology,alternative,VGT,True,ETF,NYSEArca,USD,Vanguard Information Tech ETF,Vanguard Information Technology Index Fund ETF Shares,ETF,True,True,True,True,Country matched via exchange hint
US,sectors,Technology,alternative,FTEC,True,ETF,NYSEArca,USD,Fidelity MSCI Information Techn,Fidelity MSCI Information Technology Index ETF,ETF,True,True,True,True,Country matched via exchange hint
US,sectors,Healthcare,etf,XLV,True,ETF,NYSEArca,USD,SPDR Select Sector Fund - Healt,The Health Care Select Sector SPDR Fund,ETF,True,True,True,True,Country matched via exchange hint
US,sectors,Healthcare,alternative,VHT,True,ETF,NYSEArca,USD,Vanguard Health Care ETF,Vanguard Health Care Index Fund ETF Shares,ETF,True,True,True,True,Country matched via exchange hint
US,sectors,Healthcare,alternative,FHLC,True,ETF,NYSEArca,USD,Fidelity MSCI Health Care Index,Fidelity MSCI Health Care Index ETF,ETF,True,True,True,True,Country matched via exchange hint
US,sectors,Financials,etf,XLF,True,ETF,NYSEArca,USD,SPDR Select Sector Fund - Finan,The Financial Select Sector SPDR Fund,ETF,True,True,True,True,Country matched via exchange hint
US,sectors,Financials,alternative,VFH,True,ETF,NYSEArca,USD,Vanguard Financials ETF,Vanguard Financials Index Fund ETF Shares,ETF,True,True,True,True,Country matched via exchange hint
US,sectors,Cons_Discr.,etf,XLY,True,ETF,NYSEArca,USD,SPDR Select Sector Fund - Consu,The Consumer Discretionary Select Sector SPDR Fund,ETF,True,True,True,True,Country matched via exchange hint
US,sectors,Cons_Discr.,alternative,VCR,True,ETF,NYSEArca,USD,Vanguard Consumer Discretion ET,Vanguard Consumer Discretionary Index Fund ETF Shares,ETF,True,True,True,True,Country matched via exchange hint
US,sectors,Cons_Staples,etf,XLP,True,ETF,NYSEArca,USD,SPDR Select Sector Fund - Consu,The Consumer Staples Select Sector SPDR Fund,ETF,True,True,True,True,Country matched via exchange hint
US,sectors,Cons_Staples,alternative,VDC,True,ETF,NYSEArca,USD,Vanguard Consumer Staples ETF,Vanguard Consumer Staples Index Fund ETF Shares,ETF,True,True,True,True,Country matched via exchange hint
US,sectors,Industrials,etf,XLI,True,ETF,NYSEArca,USD,SPDR Select Sector Fund - Indus,The Industrial Select Sector SPDR Fund,ETF,True,True,True,True,
US,sectors,Industrials,alternative,VIS,True,ETF,NYSEArca,USD,Vanguard Industrials ETF,Vanguard Industrials Index Fund ETF Shares,ETF,True,True,True,True,
US,sectors,Energy,etf,XLE,True,ETF,NYSEArca,USD,SPDR Select Sector Fund - Energ,The Energy Select Sector SPDR Fund,ETF,True,True,True,True,Country matched via exchange hint
US,sectors,Energy,alternative,VDE,True,ETF,NYSEArca,USD,Vanguard Energy ETF,Vanguard Energy Index Fund ETF Shares,ETF,True,True,True,True,Country matched via exchange hint
US,sectors,Materials,etf,XLB,True,ETF,NYSEArca,USD,Materials Select Sector SPDR,The Materials Select Sector SPDR Fund,ETF,True,True,True,True,Country matched via exchange hint
US,sectors,Materials,alternative,VAW,True,ETF,NYSEArca,USD,Vanguard Materials ETF,Vanguard Materials Index Fund ETF Shares,ETF,True,True,True,True,Country matched via exchange hint
US,sectors,Utilities,etf,XLU,True,ETF,NYSEArca,USD,SPDR Select Sector Fund - Utili,The Utilities Select Sector SPDR Fund,ETF,True,True,True,True,Country matched via exchange hint
US,sectors,Utilities,alternative,VPU,True,ETF,NYSEArca,USD,Vanguard Utilities ETF,Vanguard Utilities Index Fund ETF Shares,ETF,True,True,True,True,Country matched via exchange hint
US,sectors,Comm_Services,etf,XLC,True,ETF,NYSEArca,USD,The Communication Services Sele,The Communication Services Select Sector SPDR ETF Fund,ETF,True,True,True,True,Country matched via exchange hint
US,sectors,Real_Estate,etf,XLRE,True,ETF,NYSEArca,USD,Real Estate Select Sector SPDR ,The Real Estate Select Sector SPDR Fund,ETF,True,True,True,True,Country matched via exchange hint
US,sectors,Real_Estate,alternative,VNQ,True,ETF,NYSEArca,USD,Vanguard Real Estate ETF,Vanguard Real Estate Index Fund ETF Shares,ETF,True,True,True,True,Country matched via exchange hint
US,factors,Large_Cap,index,^GSPC,True,INDEX,SNP,USD,S&P 500,S&P 500,INDEX,True,True,True,False,Topic tokens not found in name
US,factors,Large_Cap,alternative,SPY,True,ETF,NYSEArca,USD,SPDR S&P 500,SPDR S&P 500 ETF,ETF,True,True,True,False,Topic tokens not found in name
US,factors,Large_Cap,alternative,VOO,True,ETF,NYSEArca,USD,Vanguard S&P 500 ETF,Vanguard S&P 500 ETF,ETF,True,True,True,False,Topic tokens not found in name
US,factors,Mid_Cap,index,^SP400,True,INDEX,SNP,USD,S&P 400,S&P 400,INDEX,True,True,True,False,Topic tokens not found in name
US,factors,Mid_Cap,alternative,IJH,True,ETF,NYSEArca,USD,iShares Core S&P Mid-Cap ETF,iShares Core S&P Mid-Cap ETF,ETF,True,True,True,True,
US,factors,Small_Cap,index,^RUT,True,INDEX,Chicago Options,USD,^RUT, Russell 2000 Index,INDEX,True,True,True,False,Topic tokens not found in name
US,factors,Small_Cap,alternative,IWM,True,ETF,NYSEArca,USD,iShares Russell 2000 ETF,iShares Russell 2000 ETF,ETF,True,True,True,False,Topic tokens not found in name
US,factors,Small_Cap,alternative,IJR,True,ETF,NYSEArca,USD,iShares Core S&P Small-Cap ETF,iShares Core S&P Small-Cap ETF,ETF,True,True,True,True,
US,factors,Small_Cap_600,index,^SP600,True,INDEX,SNP,USD,^SP600,^SP600,INDEX,True,True,False,True,Country tokens not found in name; No topic tokens configured
US,factors,Small_Cap_600,alternative,IJR,True,ETF,NYSEArca,USD,iShares Core S&P Small-Cap ETF,iShares Core S&P Small-Cap ETF,ETF,True,True,True,True,No topic tokens configured
US,factors,Small_Cap_600,alternative,SLY,True,ETF,NYSEArca,USD,SPDR S&P 600 Small Cap ETF (bas,SPDR S&P 600 Small Cap ETF,ETF,True,True,True,True,No topic tokens configured
US,factors,Small_Cap_600,alternative,VIOO,True,ETF,NYSEArca,USD,Vanguard S&P Small-Cap 600 ETF,Vanguard S&P Small-Cap 600 Index Fund ETF Shares,ETF,True,True,True,True,No topic tokens configured
US,factors,Nasdaq_100,index,^NDX,True,INDEX,Nasdaq GIDS,USD,NASDAQ-100,NASDAQ-100,INDEX,True,True,True,True,Country matched via exchange hint; No topic tokens configured
US,factors,Nasdaq_100,alternative,QQQ,True,ETF,NasdaqGM,USD,"Invesco QQQ Trust, Series 1",Invesco QQQ Trust,ETF,True,True,True,True,No topic tokens configured
US,factors,Micro_Cap,etf,IWC,True,ETF,NYSEArca,USD,iShares Microcap ETF,iShares Micro-Cap ETF,ETF,True,True,True,True,Country matched via exchange hint; No topic tokens configured
US,factors,Small_Value,etf,IJS,True,ETF,NYSEArca,USD,iShares S&P SmallCap 600 Value ,iShares S&P Small-Cap 600 Value ETF,ETF,True,True,True,True,No topic tokens configured
US,factors,Small_Value,alternative,VBR,True,ETF,NYSEArca,USD,Vanguard Small-Cap Value ETF,Vanguard Small-Cap Value Index Fund ETF Shares,ETF,True,True,True,True,Country matched via exchange hint; No topic tokens configured
US,factors,Small_Value,alternative,RZV,True,ETF,NYSEArca,USD,Invesco S&P Smallcap 600 Pure V,Invesco S&P SmallCap 600 Pure Value ETF,ETF,True,True,True,True,No topic tokens configured
US,factors,Small_Growth,etf,IJT,True,ETF,NasdaqGM,USD,iShares S&P SmallCap 600 Growth,iShares S&P Small-Cap 600 Growth ETF,ETF,True,True,True,True,No topic tokens configured
US,factors,Small_Growth,alternative,VBK,True,ETF,NYSEArca,USD,Vanguard Small-Cap Growth ETF,Vanguard Small-Cap Growth Index Fund ETF Shares,ETF,True,True,True,True,Country matched via exchange hint; No topic tokens configured
US,factors,Small_Growth,alternative,RZG,True,ETF,NYSEArca,USD,Invesco S&P Smallcap 600 Pure G,Invesco S&P SmallCap 600 Pure Growth ETF,ETF,True,True,True,True,No topic tokens configured
US,factors,Mid_Value,etf,IWS,True,ETF,NYSEArca,USD,iShares Russell Mid-cap Value E,iShares Russell Mid-Cap Value ETF,ETF,True,True,True,True,No topic tokens configured
US,factors,Mid_Growth,etf,IWP,True,ETF,NYSEArca,USD,iShares Russell Midcap Growth E,iShares Russell Mid-Cap Growth ETF,ETF,True,True,True,True,No topic tokens configured
US,factors,Equal_Weight,etf,RSP,True,ETF,NYSEArca,USD,Invesco S&P 500 Equal Weight ET,Invesco S&P 500 Equal Weight ETF,ETF,True,True,True,True,
US,factors,Low_Vol,etf,USMV,True,ETF,Cboe US,USD,iShares MSCI USA Min Vol Factor,iShares MSCI USA Min Vol Factor ETF,ETF,True,True,True,True,
US,factors,Low_Vol,alternative,SPLV,True,ETF,NYSEArca,USD,Invesco S&P 500 Low Volatility ,Invesco S&P 500 Low Volatility ETF,ETF,True,True,True,True,
US,factors,High_Beta,etf,SPHB,True,ETF,NYSEArca,USD,Invesco S&P 500 High Beta ETF,Invesco S&P 500 High Beta ETF,ETF,True,True,True,True,
US,factors,Low_Beta,etf,SPLV,True,ETF,NYSEArca,USD,Invesco S&P 500 Low Volatility ,Invesco S&P 500 Low Volatility ETF,ETF,True,True,True,True,
US,factors,Low_Beta,alternative,USMV,True,ETF,Cboe US,USD,iShares MSCI USA Min Vol Factor,iShares MSCI USA Min Vol Factor ETF,ETF,True,True,True,False,Topic tokens not found in name
US,factors,High_Dividend,etf,VYM,True,ETF,NYSEArca,USD,Vanguard High Dividend Yield ET,Vanguard High Dividend Yield Index Fund ETF Shares,ETF,True,True,True,True,Country matched via exchange hint
US,factors,High_Dividend,alternative,HDV,True,ETF,NYSEArca,USD,iShares Core High Dividend ETF,iShares Core High Dividend ETF,ETF,True,True,True,True,Country matched via exchange hint
US,factors,High_Dividend,alternative,SCHD,True,ETF,NYSEArca,USD,Schwab US Dividend Equity ETF,Schwab U.S. Dividend Equity ETF,ETF,True,True,True,True,
US,factors,High_Dividend,alternative,DVY,True,ETF,NasdaqGM,USD,iShares Select Dividend ETF,iShares Select Dividend ETF,ETF,True,True,True,True,Country matched via exchange hint
US,factors,Dividend_Growth,etf,VIG,True,ETF,NYSEArca,USD,Vanguard Div Appreciation ETF,Vanguard Dividend Appreciation Index Fund ETF Shares,ETF,True,True,True,True,Country matched via exchange hint
US,factors,Dividend_Growth,alternative,DGRO,True,ETF,NYSEArca,USD,iShares Core Dividend Growth ET,iShares Core Dividend Growth ETF,ETF,True,True,True,True,Country matched via exchange hint
US,factors,Dividend_Growth,alternative,DGRW,True,ETF,NasdaqGM,USD,WisdomTree U.S. Quality Dividen,WisdomTree U.S. Quality Dividend Growth Fund,ETF,True,True,True,True,
US,factors,Value,etf,IUSV,True,ETF,NasdaqGM,USD,iShares Core S&P U.S. Value ETF,iShares Core S&P U.S. Value ETF,ETF,True,True,True,True,
US,factors,Value,alternative,VLUE,True,ETF,Cboe US,USD,iShares MSCI USA Value Factor E,iShares MSCI USA Value Factor ETF,ETF,True,True,True,True,
US,factors,Value,alternative,VTV,True,ETF,NYSEArca,USD,Vanguard Value ETF,Vanguard Value Index Fund ETF Shares,ETF,True,True,True,True,Country matched via exchange hint
US,factors,Value,alternative,IVE,True,ETF,NYSEArca,USD,iShares S&P 500 Value ETF,iShares S&P 500 Value ETF,ETF,True,True,True,True,
US,factors,Growth,etf,IUSG,True,ETF,NasdaqGM,USD,iShares Core S&P U.S. Growth ET,iShares Core S&P U.S. Growth ETF,ETF,True,True,True,True,
US,factors,Growth,alternative,IVW,True,ETF,NYSEArca,USD,iShares S&P 500 Growth ETF,iShares S&P 500 Growth ETF,ETF,True,True,True,True,
US,factors,Growth,alternative,VUG,True,ETF,NYSEArca,USD,Vanguard Growth ETF,Vanguard Growth Index Fund ETF Shares,ETF,True,True,True,True,Country matched via exchange hint
US,factors,Momentum,etf,MTUM,True,ETF,Cboe US,USD,iShares MSCI USA Momentum Facto,iShares MSCI USA Momentum Factor ETF,ETF,True,True,True,True,
US,factors,Quality,etf,QUAL,True,ETF,Cboe US,USD,iShares MSCI USA Quality Factor,iShares MSCI USA Quality Factor ETF,ETF,True,True,True,True,
US,factors,Quality,alternative,SPHQ,True,ETF,NYSEArca,USD,Invesco S&P 500 Quality ETF,Invesco S&P 500 Quality ETF,ETF,True,True,True,True,
US,factors,High_Quality,etf,SPHQ,True,ETF,NYSEArca,USD,Invesco S&P 500 Quality ETF,Invesco S&P 500 Quality ETF,ETF,True,True,True,True,
US,factors,High_Quality,alternative,QUAL,True,ETF,Cboe US,USD,iShares MSCI USA Quality Factor,iShares MSCI USA Quality Factor ETF,ETF,True,True,True,True,
US,factors,High_Quality,alternative,QLTY,True,ETF,NYSEArca,USD,The 2023 ETF Series Trust II GM,GMO U.S. Quality ETF,ETF,True,True,True,True,
US,factors,Profitability,etf,COWZ,True,ETF,Cboe US,USD,Pacer US Cash Cows 100 ETF,Pacer US Cash Cows 100 ETF,ETF,True,True,True,True,
US,factors,Multi_Factor,etf,LRGF,True,ETF,NYSEArca,USD,iShares U.S. Equity Factor ETF,iShares U.S. Equity Factor ETF,ETF,True,True,True,False,Topic tokens not found in name
Europe,sectors,Technology,index,SX8P.Z,True,INDEX,Zurich,EUR,STXE 600 Technology           I,STXE 600 Technology           I,INDEX,True,True,True,True,Country matched via exchange hint
Europe,sectors,Technology,etf,EXV3.DE,True,ETF,XETRA,EUR,iSh.ST.Eu.600 Technol.U.ETF DEI,iShares STOXX Europe 600 Technology UCITS ETF (DE) EUR dis,ETF,True,True,True,True,
Europe,sectors,Healthcare,index,SXDP.Z,True,INDEX,Zurich,EUR,STXE 600 Health Care          I,STXE 600 Health Care          I,INDEX,True,True,True,True,Country matched via exchange hint
Europe,sectors,Healthcare,etf,EXV4.DE,True,ETF,XETRA,EUR,iSh.ST.Eu.600 Healt.C.U.ETF DEI,iShares STOXX Europe 600 Health Care UCITS ETF (DE),ETF,True,True,True,True,
Europe,sectors,Utilities,index,SX6P.Z,True,INDEX,Zurich,EUR,STXE 600 Utilities            I,STXE 600 Utilities            I,INDEX,True,True,True,True,Country matched via exchange hint
Europe,sectors,Utilities,etf,EXH9.DE,True,ETF,XETRA,EUR,iSh.ST.Eur.600 Utilit.U.ETF DEI,iShares STOXX Europe 600 Utilities UCITS ETF (DE),ETF,True,True,True,True,
Europe,sectors,Telecom,index,SXKP.Z,True,INDEX,Zurich,EUR,STXE 600 Telecommunications   I,STXE 600 Telecommunications   I,INDEX,True,True,True,True,Country matched via exchange hint
Europe,sectors,Telecom,etf,EXV2.DE,True,ETF,XETRA,EUR,iSh.ST.Eu.600 Telecom.U.ETF DEI,iShares STOXX Europe 600 Telecommunications UCITS ETF (DE),ETF,True,True,True,True,
Europe,sectors,Automobiles,index,SXAP.Z,True,INDEX,Zurich,EUR,STXE 600 Automobiles & Parts  I,STXE 600 Automobiles & Parts  I,INDEX,True,True,True,True,Country matched via exchange hint
Europe,sectors,Automobiles,etf,EXV5.DE,True,ETF,XETRA,EUR,iSh.ST.Eu.600 Aut.&Pa.U.ETF DEI,iShares STOXX Europe 600 Automobiles & Parts UCITS ETF (DE) EUR dis,ETF,True,True,True,True,
Europe,sectors,Basic_Resrcs,index,SXPP.Z,True,INDEX,Zurich,EUR,STXE 600 Basic Resources      I,STXE 600 Basic Resources      I,INDEX,True,True,True,True,Country matched via exchange hint
Europe,sectors,Basic_Resrcs,etf,EXV6.DE,True,ETF,XETRA,EUR,iSh.ST.Eu.600 Bas.Res.U.ETF DEI,iShares STOXX Europe 600 Basic Resources UCITS ETF (DE),ETF,True,True,True,True,
Europe,sectors,Chemicals,index,SX4P.Z,True,INDEX,Zurich,EUR,STXE 600 Chemicals            I,STXE 600 Chemicals            I,INDEX,True,True,True,True,Country matched via exchange hint
Europe,sectors,Chemicals,etf,EXV7.DE,True,ETF,XETRA,EUR,iSh.ST.Eur.600 Chemic.U.ETF DEI,iShares STOXX Europe 600 Chemicals UCITS ETF (DE),ETF,True,True,True,True,
Europe,sectors,Banks,index,SX7P.Z,True,INDEX,Zurich,EUR,STXE 600 Banks                I,STXE 600 Banks                I,INDEX,True,True,True,True,Country matched via exchange hint
Europe,sectors,Banks,etf,EXV1.DE,True,ETF,XETRA,EUR,iSh.ST.Euro.600 Banks U.ETF DEI,iShares STOXX Europe 600 Banks UCITS ETF (DE),ETF,True,True,True,True,
Europe,sectors,Insurance,index,SXIP.Z,True,INDEX,Zurich,EUR,STXE 600 Insurance            I,STXE 600 Insurance            I,INDEX,True,True,True,True,Country matched via exchange hint
Europe,sectors,Insurance,etf,EXH5.DE,True,ETF,XETRA,EUR,iSh.ST.Eu.600 Insuran.U.ETF DEI,iShares STOXX Europe 600 Insurance UCITS ETF (DE),ETF,True,True,True,True,
Europe,sectors,Industrials,index,SXNP.Z,True,INDEX,Zurich,EUR,STXE 600 Industrial G&S       I,STXE 600 Industrial G&S       I,INDEX,True,True,True,True,Country matched via exchange hint
Europe,sectors,Industrials,etf,EXH4.DE,True,ETF,XETRA,EUR,iSh.ST.Eu.600 In.G.&S.U.ETF DEI,iShares STOXX Europe 600 Industrial Goods & Services UCITS ETF (DE),ETF,True,True,True,True,
Europe,sectors,Construction,index,SXOP.Z,True,INDEX,Zurich,EUR,STXE 600 Constr. & Materials  I,STXE 600 Constr. & Materials  I,INDEX,True,True,True,False,Country matched via exchange hint; Topic tokens not found in name
Europe,sectors,Construction,etf,EXV8.DE,True,ETF,XETRA,EUR,iSh.ST.Eu.600 Con.&Ma.U.ETF DEI,iShares STOXX Europe 600 Construction & Materials UCITS ETF (DE),ETF,True,True,True,True,
Europe,factors,Large_Cap,index,^STOXX,True,INDEX,Zurich,EUR,STXE 600                      I,STXE 600                      I,INDEX,True,True,True,False,Country matched via exchange hint; Topic tokens not found in name
Europe,factors,Large_Cap,alternative,EXSA.DE,True,ETF,XETRA,EUR,iSh.STOXX Europe 600 U.ETF DE I,iShares STOXX Europe 600 UCITS ETF (DE) EUR (Dist),ETF,True,True,True,False,Topic tokens not found in name
Europe,factors,Large_Cap,alternative,DX2X.DE,True,ETF,XETRA,EUR,XTR.STOXX EUROPE 600 1C,Xtrackers Stoxx Europe 600 UCITS ETF 1C,ETF,True,True,True,False,Topic tokens not found in name
Europe,factors,Small_Cap(EMU),etf,SMEA.MI,True,ETF,Milan,EUR,ISHARESCOREMSCIEUROPE(ACC) UCIT,iShares Core MSCI Europe UCITS ETF EUR (Acc),ETF,True,True,True,True,No topic tokens configured
Europe,factors,Small_Cap(EMU),alternative,IEUS,True,ETF,NasdaqGM,USD,iShares MSCI Europe Small-Cap E,iShares MSCI Europe Small-Cap ETF,ETF,True,False,True,True,"No topic tokens configured; Currency mismatch: expected EUR, got USD"
Europe,factors,Value,etf,IEVL.MI,True,ETF,Milan,EUR,ISHARES EDG MSCI E VAL FAC UCIT,iShares Edge MSCI Europe Value Factor UCITS ETF EUR (Acc),ETF,True,True,True,True,
Europe,factors,Value,alternative,CEMS.DE,True,ETF,XETRA,EUR,iShsIV-Edge MSCI Eu.Va.F.U.ETFR,iShares Edge MSCI Europe Value Factor UCITS ETF EUR (Acc),ETF,True,True,True,True,
Europe,factors,Momentum,etf,CEMR.DE,True,ETF,XETRA,EUR,iShsIV-Edge MSCI Eu.Mo.F.U.ETFR,iShares Edge MSCI Europe Momentum Factor UCITS ETF EUR (Acc),ETF,True,True,True,True,
Europe,factors,Quality,etf,CEMQ.DE,True,ETF,XETRA,EUR,iShsIV-Edge MSCI Eu.Qu.F.U.ETFR,iShares Edge MSCI Europe Quality Factor UCITS ETF EUR (Acc),ETF,True,True,True,True,
Europe,factors,Quality,alternative,IEFQ.L,True,ETF,LSE,GBp,ISHARES IV PLC ISHS EDGE MSCI E,iShares Edge MSCI Europe Quality Factor UCITS ETF EUR (Acc),ETF,True,False,True,True,"Currency mismatch: expected EUR, got GBp"
Europe,factors,Min_Vol,etf,EUMV,True,ETF,NYSEArca,USD,iShares Edge MSCI Min Vol Europ,iShares Edge MSCI Min Vol Europe ETF,ETF,True,True,True,True,No topic tokens configured
Europe,factors,EuroStoxx50,index,^STOXX50E,True,INDEX,Zurich,EUR,EURO STOXX 50                 I,EURO STOXX 50                 I,INDEX,True,True,True,True,No topic tokens configured
Europe,factors,EuroStoxx50,alternative,FEZ,True,ETF,NYSEArca,USD,SPDR DJ Euro STOXX 50 Etf,SPDR EURO STOXX 50 ETF,ETF,True,False,True,True,"No topic tokens configured; Currency mismatch: expected EUR, got USD"
Europe,factors,EuroStoxx50,alternative,EXW1.DE,True,ETF,XETRA,EUR,iShares Core EO STOX.50 U.E.DEI,iShares Core EURO STOXX 50 UCITS ETF (DE),ETF,True,True,True,True,No topic tokens configured
Germany,sectors,Technology,index,^CXPHX,True,INDEX,XETRA,EUR,DAXsector Technology          P,DAXsector Technology          P,INDEX,True,True,True,True,
Germany,sectors,Technology,alternative,EXS2.DE,True,ETF,XETRA,EUR,iShares TecDAX UCITS ETF DE   I,iShares TecDAX UCITS ETF (DE),ETF,True,True,True,False,Topic tokens not found in name
Germany,sectors,Healthcare,index,^CXPPX,True,INDEX,XETRA,EUR,DAXsector Pharma & Healthcare P,DAXsector Pharma & Healthcare P,INDEX,True,True,True,True,
Germany,sectors,Industrials,index,^CXPNX,True,INDEX,XETRA,EUR,DAXsector Industrial          P,DAXsector Industrial          P,INDEX,True,True,True,True,
Germany,sectors,Fin_Services,index,^CXPVX,True,INDEX,XETRA,EUR,DAXsector Financial Services  P,DAXsector Financial Services  P,INDEX,True,True,True,True,No topic tokens configured
Germany,sectors,Insurance,index,^CXPIX,True,INDEX,XETRA,EUR,DAXsector Insurance           P,DAXsector Insurance           P,INDEX,True,True,True,True,
Germany,factors,Large_Cap,index,^GDAXI,True,INDEX,XETRA,EUR,DAX                           P,DAX P,INDEX,True,True,True,False,Topic tokens not found in name
Germany,factors,Large_Cap,alternative,EXS1.DE,True,ETF,XETRA,EUR,iShares Core DAX UCITS ETF DE I,iShares Core DAX UCITS ETF (DE) EUR (Acc),ETF,True,True,True,False,Topic tokens not found in name
Germany,factors,Mid_Cap,index,^MDAXI,True,INDEX,XETRA,EUR,MDAX                          P,MDAX                          P,INDEX,True,True,True,False,Topic tokens not found in name
Germany,factors,Mid_Cap,alternative,EXS3.DE,True,ETF,XETRA,EUR,iShares MDAX UCITS ETF DE     I,iShares MDAX UCITS ETF (DE),ETF,True,True,True,False,Topic tokens not found in name
Germany,factors,Small_Cap,index,^SDAXI,True,INDEX,XETRA,EUR,SDAX                          P,SDAX                          P,INDEX,True,True,True,False,Topic tokens not found in name
Japan,sectors,Broad_Market,etf,EWJ,True,ETF,NYSEArca,USD,iShares MSCI Japan Index Fund,iShares MSCI Japan ETF,ETF,True,True,True,False,Topic tokens not found in name
Japan,sectors,Broad_Market,alternative,DXJ,True,ETF,NYSEArca,USD,WisdomTree Japan Hedged Equity ,WisdomTree Japan Hedged Equity Fund,ETF,True,True,True,False,Topic tokens not found in name
Japan,sectors,Broad_Market,alternative,HEWJ,True,ETF,NYSEArca,USD,iShares Currency Hedged MSCI Ja,iShares Currency Hedged MSCI Japan ETF,ETF,True,True,True,False,Topic tokens not found in name
Japan,sectors,Broad_Market,alternative,BBJP,True,ETF,Cboe US,USD,JPMorgan BetaBuilders Japan ETF,JPMorgan BetaBuilders Japan ETF,ETF,True,True,True,False,Topic tokens not found in name
Japan,sectors,Broad_Market,alternative,JPXN,True,ETF,NYSEArca,USD,iShares JPX-Nikkei 400 ETF,iShares JPX-Nikkei 400 ETF,ETF,True,True,True,False,Topic tokens not found in name
Japan,sectors,Technology,etf,FLJP,True,ETF,NYSEArca,USD,Franklin FTSE Japan ETF,Franklin FTSE Japan ETF,ETF,True,True,True,False,Topic tokens not found in name
Japan,sectors,Technology,alternative,DXJT,True,ETF,NYSEArca,USD,"WisdomTree Japan Hedged Tech, M","WisdomTree Jpn Hdgd Tech,Media&amp;Telec ETF",ETF,True,True,True,True,
Japan,sectors,Technology,alternative,EWJ,True,ETF,NYSEArca,USD,iShares MSCI Japan Index Fund,iShares MSCI Japan ETF,ETF,True,True,True,False,Topic tokens not found in name
Japan,sectors,Financials,etf,DXJF,True,ETF,NYSEArca,USD,WisdomTree Japan Hedged Financi,WisdomTree Japan Hedged Financials Fund,ETF,True,True,True,True,
Japan,sectors,Healthcare,etf,DXJH,True,ETF,NYSEArca,USD,WisdomTree Japan Hedged Health ,WisdomTree Japan Hedged Health Care ETF,ETF,True,True,True,True,
Japan,sectors,Industrials,etf,DXJC,True,ETF,NYSEArca,USD,WisdomTree Japan Hedged Capital,WisdomTree Japan Hedged Capital Gds ETF,ETF,True,True,True,False,Topic tokens not found in name
Japan,sectors,Real_Estate,etf,DXJR,True,ETF,NYSEArca,USD,WisdomTree Japan Hedged Real Es,WisdomTree Japan Hedged Real Estate ETF,ETF,True,True,True,True,
Japan,sectors,Nikkei_225,index,^N225,True,INDEX,Osaka,JPY,Nikkei 225,Nikkei 225,INDEX,True,True,True,True,No topic tokens configured
Japan,sectors,Nikkei_225,alternative,EWJ,True,ETF,NYSEArca,USD,iShares MSCI Japan Index Fund,iShares MSCI Japan ETF,ETF,True,False,True,True,"No topic tokens configured; Currency mismatch: expected JPY, got USD"
Japan,factors,Large_Cap,etf,EWJ,True,ETF,NYSEArca,USD,iShares MSCI Japan Index Fund,iShares MSCI Japan ETF,ETF,True,True,True,False,Topic tokens not found in name
Japan,factors,Large_Cap,alternative,DXJ,True,ETF,NYSEArca,USD,WisdomTree Japan Hedged Equity ,WisdomTree Japan Hedged Equity Fund,ETF,True,True,True,False,Topic tokens not found in name
Japan,factors,Small_Cap,etf,SCJ,True,ETF,NYSEArca,USD,iShares MSCI Japan Sm Cap,iShares MSCI Japan Small-Cap ETF,ETF,True,True,True,True,
Japan,factors,Small_Cap,alternative,DXJS,True,ETF,NasdaqGM,USD,WisdomTree Japan Hedged SmallCa,WisdomTree Japan Opportunities Fund,ETF,True,True,True,True,
Japan,factors,Value,etf,EWJV,True,ETF,NasdaqGM,USD,iShares MSCI Japan Value ETF,iShares MSCI Japan Value ETF,ETF,True,True,True,True,
Japan,factors,Min_Vol,etf,JPMV,True,ETF,NYSEArca,USD,iShares Edge MSCI Min Vol Japan,iShares Edge MSCI Min Vol Japan ETF,ETF,True,True,True,True,No topic tokens configured
China,sectors,Broad_Market,etf,FXI,True,ETF,NYSEArca,USD,iShares China Large-Cap ETF,iShares China Large-Cap ETF,ETF,True,True,True,False,Topic tokens not found in name
China,sectors,Broad_Market,alternative,MCHI,True,ETF,NasdaqGM,USD,iShares MSCI China ETF,iShares MSCI China ETF,ETF,True,True,True,False,Topic tokens not found in name
China,sectors,Broad_Market,alternative,ASHR,True,ETF,NYSEArca,USD,Xtrackers Harvest CSI 300 China,Xtrackers Harvest CSI 300 China A-Shares ETF,ETF,True,True,True,False,Topic tokens not found in name
China,sectors,Broad_Market,alternative,GXC,True,ETF,NYSEArca,USD,SPDR S&P China ETF,SPDR S&P China ETF,ETF,True,True,True,False,Topic tokens not found in name
China,sectors,Technology,etf,CQQQ,True,ETF,NYSEArca,USD,Invesco China Technology ETF,Invesco China Technology ETF,ETF,True,True,True,True,
China,sectors,Technology,alternative,KWEB,True,ETF,NYSEArca,USD,KraneShares Trust KraneShares C,KraneShares CSI China Internet ETF,ETF,True,True,True,False,Topic tokens not found in name
China,sectors,Consumer,etf,CHIQ,True,ETF,NYSEArca,USD,Global X MSCI China Consumer Di,Global X MSCI China Consumer Discretionary ETF,ETF,True,True,True,True,No topic tokens configured
China,sectors,Cons_Staples,etf,CHIS,True,ETF,NYSEArca,USD,Global X Funds Global X MSCI Ch,Global X MSCI China Consumer Staples ETF,ETF,True,True,True,True,
China,sectors,Financials,etf,CHIX,True,ETF,NYSEArca,USD,Global X MSCI China Financials ,Global X MSCI China Financials ETF,ETF,True,True,True,True,
China,sectors,Industrials,etf,CHII,True,ETF,NYSEArca,USD,Global X MSCI China Industrials,Global X MSCI China Industrials ETF,ETF,True,True,True,True,
China,sectors,Materials,etf,CHIM,True,ETF,NYSEArca,USD,Global X MSCI China Materials E,Global X MSCI China Materials ETF,ETF,True,True,True,True,
China,sectors,Energy,etf,CHIE,True,ETF,NYSEArca,USD,Global X MSCI China Energy ETF,Global X MSCI China Energy ETF,ETF,True,True,True,True,
China,sectors,Utilities,etf,CHIU,True,ETF,NYSEArca,USD,Global X Funds Global X MSCI Ch,Global X MSCI China Utilities ETF,ETF,True,True,True,True,
China,sectors,Comm_Services,etf,CHIC,True,ETF,NYSEArca,USD,Global X Funds Global X MSCI Ch,Global X MSCI China Communication Services ETF,ETF,True,True,True,True,
China,sectors,Real_Estate,etf,CHIR,True,ETF,NYSEArca,USD,Global X Funds Global X MSCI Ch,Global X MSCI China Real Estate ETF,ETF,True,True,True,True,
China,sectors,Healthcare,etf,CHIH,True,ETF,NYSEArca,USD,Global X Funds Global X MSCI Ch,Global X MSCI China Health Care ETF,ETF,True,True,True,True,
China,sectors,Healthcare,alternative,KURE,True,ETF,NYSEArca,USD,KraneShares MSCI All China Heal,KraneShares MSCI All China Health Care Index ETF,ETF,True,True,True,True,
China,factors,Large_Cap,etf,FXI,True,ETF,NYSEArca,USD,iShares China Large-Cap ETF,iShares China Large-Cap ETF,ETF,True,True,True,True,
China,factors,Large_Cap,alternative,GXC,True,ETF,NYSEArca,USD,SPDR S&P China ETF,SPDR S&P China ETF,ETF,True,True,True,False,Topic tokens not found in name
China,factors,Small_Cap,etf,ECNS,True,ETF,NYSEArca,USD,iShares MSCI China Small-Cap ET,iShares MSCI China Small-Cap ETF,ETF,True,True,True,True,
China,factors,A_Shares,etf,ASHR,True,ETF,NYSEArca,USD,Xtrackers Harvest CSI 300 China,Xtrackers Harvest CSI 300 China A-Shares ETF,ETF,True,True,True,True,
China,factors,A_Shares,alternative,CNYA,True,ETF,Cboe US,USD,iShares MSCI China A ETF,iShares MSCI China A ETF,ETF,True,True,True,True,
China,factors,A_Shares,alternative,KBA,True,ETF,NYSEArca,USD,KraneShares Bosera MSCI China A,KraneShares Bosera MSCI China A 50 Connect Index ETF,ETF,True,True,True,True,
China,factors,CSI_300,index,000300.SS,True,INDEX,Shanghai,CNY,CSI 300 Index,CSI 300 Index,INDEX,True,True,False,True,Country tokens not found in name; No topic tokens configured
China,factors,CSI_300,alternative,ASHR,True,ETF,NYSEArca,USD,Xtrackers Harvest CSI 300 China,Xtrackers Harvest CSI 300 China A-Shares ETF,ETF,True,False,True,True,"No topic tokens configured; Currency mismatch: expected CNY, got USD"
China,factors,Growth,etf,CNXT,True,ETF,NYSEArca,USD,VanEck ChiNext ETF,VanEck ChiNext ETF,ETF,True,True,False,False,Country tokens not found in name; Topic tokens not found in name
Canada,sectors,Broad_Market,index,^GSPTSE,True,INDEX,Toronto,CAD,S&P/TSX Composite index,S&P/TSX Composite index,INDEX,True,True,True,False,No country tokens configured; Topic tokens not found in name
Canada,sectors,Broad_Market,alternative,XIC.TO,True,ETF,Toronto,CAD,iSHARES CORE SP TSX CAPPED COMP,iShares Core S&P/TSX Capped Composite Index ETF,ETF,True,True,True,False,No country tokens configured; Topic tokens not found in name
Canada,sectors,Broad_Market,alternative,EWC,True,ETF,NYSEArca,USD,iShares MSCI Canada Index Fund,iShares MSCI Canada ETF,ETF,True,False,True,False,"No country tokens configured; Topic tokens not found in name; Currency mismatch: expected CAD, got USD"
Brazil,sectors,Broad_Market,index,^BVSP,True,INDEX,São Paulo,BRL,IBOVESPA,IBOVESPA,INDEX,True,True,True,False,No country tokens configured; Topic tokens not found in name
Brazil,sectors,Broad_Market,alternative,EWZ,True,ETF,NYSEArca,USD,iShares Inc iShares MSCI Brazil,iShares MSCI Brazil ETF,ETF,True,False,True,False,"No country tokens configured; Topic tokens not found in name; Currency mismatch: expected BRL, got USD"
Global_ExUS,sectors,Broad_Market,etf,ACWX,True,ETF,NasdaqGM,USD,iShares MSCI ACWI ex U.S. ETF,iShares MSCI ACWI ex U.S. ETF,ETF,True,True,True,False,No country tokens configured; Topic tokens not found in name
Global_ExUS,sectors,Broad_Market,alternative,VEU,True,ETF,NYSEArca,USD,Vanguard FTSE All World Ex US E,Vanguard FTSE All-World ex-US Index Fund ETF Shares,ETF,True,True,True,False,No country tokens configured; Topic tokens not found in name
Global_ExUS,sectors,Broad_Market,alternative,VEA,True,ETF,NYSEArca,USD,Vanguard FTSE Developed Markets,Vanguard FTSE Developed Markets Index Fund ETF Shares,ETF,True,True,True,True,No country tokens configured
Global_ExUS,sectors,Broad_Market,alternative,IEFA,True,ETF,Cboe US,USD,iShares Core MSCI EAFE ETF,iShares Core MSCI EAFE ETF,ETF,True,True,True,False,No country tokens configured; Topic tokens not found in name
Singapore,sectors,Broad_Market,etf,EWS,True,ETF,NYSEArca,USD,iShares Inc iShares MSCI Singap,iShares MSCI Singapore ETF,ETF,True,True,True,False,No country tokens configured; Topic tokens not found in name
Indonesia,sectors,Broad_Market,etf,EIDO,True,ETF,NYSEArca,USD,iShares MSCI Indonesia ETF,iShares MSCI Indonesia ETF,ETF,True,True,True,False,No country tokens configured; Topic tokens not found in name
Thailand,sectors,Broad_Market,etf,THD,True,ETF,NYSEArca,USD,iShares Inc iShares MSCI Thaila,iShares MSCI Thailand ETF,ETF,True,True,True,False,No country tokens configured; Topic tokens not found in name
Malaysia,sectors,Broad_Market,etf,EWM,True,ETF,NYSEArca,USD,iShares MSCI Malaysia Index Fun,iShares MSCI Malaysia ETF,ETF,True,True,True,False,No country tokens configured; Topic tokens not found in name
India,sectors,Broad_Market,index,^NSEI,True,INDEX,NSE,INR,NIFTY 50,NIFTY 50,INDEX,True,True,True,False,Topic tokens not found in name
India,sectors,Broad_Market,alternative,INDA,True,ETF,Cboe US,USD,Ishares MSCI India ETF,iShares MSCI India ETF,ETF,True,False,True,False,"Topic tokens not found in name; Currency mismatch: expected INR, got USD"
India,sectors,Broad_Market,alternative,EPI,True,ETF,NYSEArca,USD,WisdomTree India Earnings Fund,WisdomTree India Earnings Fund,ETF,True,False,True,False,"Topic tokens not found in name; Currency mismatch: expected INR, got USD"
India,sectors,Broad_Market,alternative,INDY,True,ETF,NasdaqGM,USD,iShares India 50 ETF,iShares India 50 ETF,ETF,True,False,True,False,"Topic tokens not found in name; Currency mismatch: expected INR, got USD"
India,sectors,Financials,etf,INDF,True,ETF,NYSEArca,USD,Range India Financials ETF,Range India Financials ETF,ETF,True,True,True,True,
India,sectors,Consumer,etf,INCO,True,ETF,NYSEArca,USD,Columbia India Consumer ETF,Columbia India Consumer ETF,ETF,True,True,True,True,No topic tokens configured
India,sectors,Technology,etf,INQQ,True,ETF,NYSEArca,USD,INQQ The India Internet ETF,INQQ The India Internet ETF,ETF,True,True,True,False,Topic tokens not found in name
India,sectors,Small_Cap,etf,SMIN,True,ETF,Cboe US,USD,Ishares MSCI India Small Cap ET,iShares MSCI India Small-Cap ETF,ETF,True,True,True,True,No topic tokens configured
India,sectors,Small_Cap,alternative,SCIF,True,ETF,NYSEArca,USD,VanEck Vectors India Small-Cap ,VanEck Vectors India Small-Cap Index ETF,ETF,True,True,True,True,No topic tokens configured
India,sectors,Value(Proxy),etf,EPI,True,ETF,NYSEArca,USD,WisdomTree India Earnings Fund,WisdomTree India Earnings Fund,ETF,True,True,True,True,No topic tokens configured
UK,sectors,Broad_Market,index,^FTSE,True,INDEX,FTSE Index,GBP,FTSE 100,FTSE 100,INDEX,True,True,True,False,Topic tokens not found in name
UK,sectors,Broad_Market,alternative,ISF.L,True,ETF,LSE,GBp,ISHARES PLC ISHARES CORE FTSE10,iShares Core FTSE 100 UCITS ETF GBP (Dist),ETF,True,False,True,False,"Topic tokens not found in name; Currency mismatch: expected GBP, got GBp"
UK,sectors,Broad_Market,alternative,VUKE.L,True,ETF,LSE,GBP,VANGUARD FUNDS PLC VANGUARD FTS,Vanguard FTSE 100 UCITS ETF,ETF,True,True,True,False,Topic tokens not found in name
France,sectors,Broad_Market,index,^FCHI,True,INDEX,Paris,EUR,CAC 40,CAC 40,INDEX,True,True,True,False,Topic tokens not found in name
France,sectors,Broad_Market,alternative,EWQ,True,ETF,NYSEArca,USD,iShares MSCI France Index Fund,iShares MSCI France ETF,ETF,True,False,True,False,"Topic tokens not found in name; Currency mismatch: expected EUR, got USD"
Italy,sectors,Broad_Market,index,FTSEMIB.MI,True,INDEX,Milan,EUR,FTSEMIB.MI,FTSEMIB.MI,INDEX,True,True,True,False,Topic tokens not found in name
Italy,sectors,Broad_Market,alternative,EWI,True,ETF,NYSEArca,USD,iShares Inc iShares MSCI Italy ,iShares MSCI Italy ETF,ETF,True,False,True,False,"Topic tokens not found in name; Currency mismatch: expected EUR, got USD"
Spain,sectors,Broad_Market,index,^IBEX,True,INDEX,MCE,EUR,IBEX 35...,IBEX 35...,INDEX,True,True,True,False,Topic tokens not found in name
Spain,sectors,Broad_Market,alternative,EWP,True,ETF,NYSEArca,USD,iShares Inc iShares MSCI Spain ,iShares MSCI Spain ETF,ETF,True,False,True,False,"Topic tokens not found in name; Currency mismatch: expected EUR, got USD"
Taiwan,sectors,Broad_Market,index,^TWII,True,INDEX,Taiwan,TWD,TSEC CAPITALIZATION WEIGHTED ST,TWSE Capitalization Weighted Stock Index,INDEX,True,True,True,False,Topic tokens not found in name
Taiwan,sectors,Broad_Market,alternative,EWT,True,ETF,NYSEArca,USD,iShares Inc iShares MSCI Taiwan,iShares MSCI Taiwan ETF,ETF,True,False,True,False,"Topic tokens not found in name; Currency mismatch: expected TWD, got USD"
Hong_Kong,sectors,Broad_Market,index,^HSI,True,INDEX,HKSE,HKD,HANG SENG INDEX,HANG SENG INDEX,INDEX,True,True,True,False,Topic tokens not found in name
Hong_Kong,sectors,Broad_Market,alternative,EWH,True,ETF,NYSEArca,USD,iShares MSCI Hong Kong Index Fu,iShares MSCI Hong Kong ETF,ETF,True,False,True,False,"Topic tokens not found in name; Currency mismatch: expected HKD, got USD"
